Bandwidth ;Residual_bat_charge ;Datasize ;VM_available ;NB_concurrent_users ;Memory ;Load ;Processing ;Fuzzy_output
       41 ;                 35 ;     237 ;           3 ;                 18 ;    19 ;  66 ;    67.251 ;0.000/local_processing + 0.946/remote_processing
       53 ;                 85 ;     128 ;           1 ;                 78 ;    39 ;  75 ;    67.257 ;0.000/local_processing + 0.933/remote_processing
       12 ;                 86 ;     540 ;          19 ;                 36 ;    47 ;  76 ;    44.635 ;0.600/local_processing + 0.400/remote_processing
       71 ;                 93 ;     373 ;          15 ;                  8 ;     9 ;  38 ;    67.228 ;0.000/local_processing + 1.000/remote_processing
       93 ;                 41 ;     412 ;           6 ;                 84 ;    40 ;  78 ;    67.228 ;0.000/local_processing + 1.000/remote_processing
       52 ;                 94 ;     295 ;           2 ;                 94 ;    90 ;  60 ;    67.542 ;0.000/local_processing + 0.500/remote_processing
       99 ;                 30 ;      65 ;           8 ;                  7 ;     4 ;  56 ;    67.228 ;0.000/local_processing + 1.000/remote_processing
       19 ;                 26 ;     137 ;           2 ;                 97 ;    19 ;  63 ;    25.872 ;0.950/local_processing + 0.050/remote_processing
       13 ;                 49 ;     393 ;          13 ;                 77 ;    98 ;  88 ;    42.664 ;0.650/local_processing + 0.350/remote_processing
       96 ;                 75 ;     117 ;          44 ;                 87 ;    18 ;  18 ;    67.228 ;0.000/local_processing + 1.000/remote_processing
       61 ;                  2 ;      75 ;          10 ;                 11 ;    56 ;  45 ;    67.228 ;0.000/local_processing + 1.000/remote_processing
       55 ;                 50 ;     597 ;           5 ;                 19 ;     5 ;  14 ;    67.228 ;0.000/local_processing + 1.000/remote_processing
       13 ;                 66 ;     590 ;          38 ;                 10 ;    38 ;  14 ;    42.664 ;0.650/local_processing + 0.350/remote_processing
       57 ;                 42 ;     334 ;           6 ;                 75 ;    57 ;  17 ;    58.912 ;0.200/local_processing + 0.800/remote_processing
       85 ;                 64 ;     392 ;          49 ;                 48 ;     3 ;  90 ;    67.228 ;0.000/local_processing + 1.000/remote_processing
       90 ;                 24 ;     587 ;          10 ;                 70 ;    63 ;  53 ;    67.228 ;0.000/local_processing + 1.000/remote_processing
       74 ;                 13 ;      38 ;          48 ;                 78 ;    23 ;   2 ;    67.228 ;0.000/local_processing + 1.000/remote_processing
       36 ;                 32 ;      67 ;           8 ;                 76 ;    26 ;  26 ;    51.741 ;0.400/local_processing + 0.600/remote_processing
        6 ;                 20 ;     495 ;           2 ;                 88 ;    50 ;  97 ;    55.221 ;0.300/local_processing + 0.700/remote_processing
       11 ;                 55 ;     553 ;          40 ;                 62 ;    40 ;  34 ;    46.497 ;0.550/local_processing + 0.450/remote_processing
       96 ;                 11 ;     482 ;          34 ;                 36 ;    21 ;  61 ;    67.228 ;0.000/local_processing + 1.000/remote_processing
       37 ;                 11 ;     291 ;           6 ;                 92 ;    53 ;  42 ;    53.571 ;0.300/local_processing + 0.531/remote_processing
       59 ;                 57 ;     200 ;          28 ;                 60 ;    24 ;  27 ;    67.228 ;0.000/local_processing + 1.000/remote_processing
       38 ;                 13 ;       4 ;          20 ;                 16 ;    36 ;   2 ;    58.912 ;0.200/local_processing + 0.800/remote_processing
       51 ;                 28 ;     150 ;          29 ;                  4 ;    33 ;  53 ;    67.228 ;0.000/local_processing + 1.000/remote_processing
       62 ;                 58 ;     275 ;          16 ;                 80 ;    79 ;  52 ;    67.425 ;0.000/local_processing + 0.654/remote_processing
       83 ;                 39 ;     326 ;          16 ;                 22 ;    99 ;  52 ;    67.367 ;0.000/local_processing + 0.738/remote_processing
       93 ;                  6 ;     146 ;          17 ;                 50 ;    81 ;  29 ;    39.026 ;0.733/local_processing + 0.267/remote_processing
       73 ;                 53 ;      19 ;           1 ;                 21 ;    83 ;  37 ;    67.228 ;0.000/local_processing + 1.000/remote_processing
       24 ;                 75 ;     523 ;          12 ;                 38 ;    92 ;  24 ;    21.6   ;1.000/local_processing + 0.000/remote_processing
       42 ;                  2 ;     414 ;          42 ;                 71 ;    75 ;  56 ;    67.228 ;0.000/local_processing + 1.000/remote_processing
       91 ;                 18 ;      49 ;          23 ;                 77 ;    91 ;  92 ;    67.228 ;0.000/local_processing + 1.000/remote_processing
       46 ;                 16 ;     285 ;           9 ;                 66 ;    80 ;  43 ;    67.482 ;0.000/local_processing + 0.577/remote_processing
       72 ;                 27 ;     334 ;          49 ;                 48 ;    97 ;  53 ;    67.328 ;0.000/local_processing + 0.800/remote_processing
       68 ;                 63 ;     392 ;          11 ;                 84 ;    48 ;  85 ;    67.228 ;0.000/local_processing + 1.000/remote_processing
       52 ;                 54 ;     422 ;          17 ;                  6 ;    63 ;  29 ;    67.228 ;0.000/local_processing + 1.000/remote_processing
        4 ;                 56 ;     264 ;          29 ;                 77 ;    93 ;  38 ;    58.637 ;0.200/local_processing + 0.738/remote_processing
       92 ;                 44 ;     380 ;           5 ;                 96 ;    46 ;  33 ;    67.228 ;0.000/local_processing + 1.000/remote_processing
       94 ;                 12 ;       1 ;          16 ;                 37 ;    87 ;  25 ;    35.665 ;0.800/local_processing + 0.200/remote_processing
       39 ;                 22 ;     373 ;          44 ;                 63 ;    77 ;  58 ;    62.867 ;0.100/local_processing + 0.900/remote_processing
       99 ;                 75 ;     463 ;          36 ;                 12 ;    82 ;  80 ;    67.228 ;0.000/local_processing + 1.000/remote_processing
       30 ;                 87 ;     109 ;          40 ;                 33 ;     1 ;  30 ;    21.6   ;1.000/local_processing + 0.000/remote_processing
       91 ;                 29 ;     262 ;          41 ;                 22 ;    26 ;  64 ;    67.357 ;0.000/local_processing + 0.754/remote_processing
       77 ;                 15 ;     111 ;          38 ;                 93 ;    89 ;  43 ;    67.228 ;0.000/local_processing + 1.000/remote_processing
       99 ;                 84 ;      53 ;          35 ;                 81 ;    33 ;  78 ;    67.29  ;0.000/local_processing + 0.867/remote_processing
       77 ;                 85 ;     351 ;          28 ;                 55 ;    30 ;  96 ;    67.258 ;0.000/local_processing + 0.931/remote_processing
       88 ;                 81 ;     217 ;           5 ;                 10 ;    24 ;  91 ;    67.228 ;0.000/local_processing + 1.000/remote_processing
       53 ;                 60 ;     324 ;           7 ;                 43 ;    70 ;  32 ;    56.049 ;0.277/local_processing + 0.723/remote_processing
       11 ;                 59 ;     297 ;          34 ;                 18 ;    86 ;  81 ;    46.497 ;0.550/local_processing + 0.450/remote_processing
       76 ;                  2 ;     443 ;          43 ;                  5 ;    95 ;  60 ;    67.228 ;0.000/local_processing + 1.000/remote_processing
       96 ;                 49 ;     406 ;          11 ;                 63 ;    94 ;  10 ;    67.228 ;0.000/local_processing + 1.000/remote_processing
       34 ;                 22 ;     193 ;          38 ;                 64 ;    10 ;  65 ;    44.635 ;0.600/local_processing + 0.400/remote_processing
       32 ;                 10 ;     136 ;          21 ;                 78 ;     3 ;  71 ;    35.665 ;0.800/local_processing + 0.200/remote_processing
       62 ;                  2 ;     126 ;           1 ;                 98 ;    99 ;  81 ;    67.228 ;0.000/local_processing + 1.000/remote_processing
        6 ;                 72 ;     245 ;          18 ;                 99 ;    73 ;  31 ;    44.635 ;0.600/local_processing + 0.400/remote_processing
       66 ;                 75 ;     595 ;          41 ;                  8 ;    47 ;  45 ;    67.228 ;0.000/local_processing + 1.000/remote_processing
       95 ;                 88 ;     268 ;          45 ;                 23 ;    69 ;  26 ;    67.388 ;0.000/local_processing + 0.708/remote_processing
       26 ;                 37 ;     266 ;           2 ;                  8 ;    23 ;  96 ;    21.6   ;1.000/local_processing + 0.000/remote_processing
        9 ;                 58 ;     520 ;          27 ;                 49 ;    57 ;  45 ;    50.022 ;0.450/local_processing + 0.550/remote_processing
       44 ;                 11 ;     413 ;           2 ;                 78 ;     4 ;  71 ;    67.228 ;0.000/local_processing + 1.000/remote_processing
       72 ;                 25 ;     378 ;          44 ;                 83 ;    22 ;  75 ;    67.228 ;0.000/local_processing + 1.000/remote_processing
       84 ;                 41 ;      72 ;          21 ;                 75 ;    58 ;  48 ;    67.228 ;0.000/local_processing + 1.000/remote_processing
       19 ;                 61 ;     442 ;          21 ;                 44 ;    80 ;  74 ;    25.872 ;0.950/local_processing + 0.050/remote_processing
       85 ;                 83 ;     336 ;          29 ;                 50 ;    28 ;  95 ;    67.319 ;0.000/local_processing + 0.815/remote_processing
       49 ;                 31 ;     457 ;          29 ;                 64 ;    27 ;  90 ;    67.228 ;0.000/local_processing + 1.000/remote_processing
       94 ;                 94 ;     145 ;           4 ;                 28 ;    23 ;  93 ;    67.228 ;0.000/local_processing + 1.000/remote_processing
       10 ;                 44 ;     551 ;          23 ;                 34 ;    29 ;   8 ;    48.284 ;0.500/local_processing + 0.500/remote_processing
       71 ;                 39 ;     401 ;          10 ;                  5 ;    35 ;  63 ;    67.228 ;0.000/local_processing + 1.000/remote_processing
       28 ;                 21 ;     588 ;          49 ;                 12 ;    88 ;  64 ;    21.6   ;1.000/local_processing + 0.000/remote_processing
       96 ;                 86 ;     377 ;          31 ;                 27 ;    51 ;  90 ;    67.228 ;0.000/local_processing + 1.000/remote_processing
       12 ;                 55 ;     444 ;          48 ;                 70 ;    96 ;  67 ;    44.635 ;0.600/local_processing + 0.400/remote_processing
       12 ;                 42 ;     295 ;           4 ;                 93 ;    49 ;  79 ;    44.635 ;0.600/local_processing + 0.400/remote_processing
       94 ;                 82 ;      26 ;          37 ;                  7 ;    76 ;  91 ;    67.228 ;0.000/local_processing + 1.000/remote_processing
       36 ;                 15 ;     376 ;          25 ;                 26 ;    92 ;   7 ;    51.741 ;0.400/local_processing + 0.600/remote_processing
        7 ;                 23 ;      38 ;          20 ;                  9 ;    14 ;  35 ;    53.465 ;0.350/local_processing + 0.650/remote_processing
       54 ;                 59 ;     293 ;          48 ;                 33 ;    76 ;  51 ;    67.53  ;0.000/local_processing + 0.515/remote_processing
       33 ;                 78 ;     531 ;          12 ;                 58 ;    38 ;   6 ;    40.546 ;0.700/local_processing + 0.300/remote_processing
       38 ;                 33 ;     337 ;          39 ;                 20 ;    94 ;  80 ;    58.912 ;0.200/local_processing + 0.800/remote_processing
       84 ;                 24 ;     123 ;           2 ;                 59 ;    19 ;  58 ;    67.228 ;0.000/local_processing + 1.000/remote_processing
       59 ;                 65 ;     447 ;          41 ;                 31 ;    40 ;  61 ;    67.228 ;0.000/local_processing + 1.000/remote_processing
       37 ;                 54 ;     245 ;          10 ;                 94 ;    94 ;  71 ;    55.221 ;0.300/local_processing + 0.700/remote_processing
       27 ;                 62 ;     289 ;           2 ;                 56 ;    98 ;  54 ;    21.6   ;1.000/local_processing + 0.000/remote_processing
       75 ;                 87 ;     474 ;          23 ;                 72 ;    74 ;   7 ;    67.228 ;0.000/local_processing + 1.000/remote_processing
       60 ;                 67 ;     301 ;           3 ;                 86 ;    56 ;  36 ;    54.827 ;0.267/local_processing + 0.546/remote_processing
       84 ;                 25 ;     289 ;          27 ;                 90 ;    78 ;  83 ;    67.506 ;0.000/local_processing + 0.546/remote_processing
       30 ;                  1 ;     279 ;           5 ;                 44 ;    15 ;  22 ;    21.6   ;1.000/local_processing + 0.000/remote_processing
       85 ;                 47 ;     201 ;          44 ;                  1 ;    14 ;  16 ;    67.228 ;0.000/local_processing + 1.000/remote_processing
       29 ;                 32 ;     165 ;          16 ;                 59 ;    91 ;   1 ;    21.6   ;1.000/local_processing + 0.000/remote_processing
       38 ;                 92 ;      82 ;          35 ;                 94 ;    83 ;  99 ;    58.912 ;0.200/local_processing + 0.800/remote_processing
       18 ;                 20 ;     387 ;          17 ;                 53 ;    12 ;  77 ;    29.566 ;0.900/local_processing + 0.100/remote_processing
       93 ;                 78 ;     173 ;           6 ;                 66 ;    61 ;  69 ;    67.228 ;0.000/local_processing + 1.000/remote_processing
       58 ;                 73 ;     555 ;          18 ;                 11 ;    51 ;  98 ;    67.228 ;0.000/local_processing + 1.000/remote_processing
       23 ;                 20 ;     465 ;          35 ;                 50 ;    90 ;  47 ;    21.6   ;1.000/local_processing + 0.000/remote_processing
        7 ;                  8 ;     337 ;          23 ;                 94 ;    16 ;  82 ;    53.465 ;0.350/local_processing + 0.650/remote_processing
       87 ;                 61 ;     246 ;          34 ;                 98 ;    56 ;  37 ;    58.912 ;0.200/local_processing + 0.800/remote_processing
       80 ;                 92 ;     172 ;          24 ;                 78 ;    99 ;  12 ;    21.6   ;1.000/local_processing + 0.000/remote_processing
       88 ;                 20 ;     437 ;          21 ;                 70 ;    63 ;  66 ;    67.228 ;0.000/local_processing + 1.000/remote_processing
       79 ;                 82 ;     335 ;          36 ;                  2 ;    71 ;  46 ;    67.324 ;0.000/local_processing + 0.808/remote_processing
       37 ;                 16 ;     291 ;          41 ;                 81 ;    93 ;  58 ;    53.571 ;0.300/local_processing + 0.531/remote_processing
       20 ;                 52 ;     175 ;          19 ;                 32 ;    70 ;  24 ;    21.6   ;1.000/local_processing + 0.000/remote_processing
       54 ;                 59 ;     263 ;           3 ;                  5 ;    70 ;  27 ;    67.362 ;0.000/local_processing + 0.746/remote_processing
       51 ;                 19 ;     478 ;          16 ;                 61 ;    61 ;   2 ;    67.228 ;0.000/local_processing + 1.000/remote_processing
       45 ;                 23 ;     542 ;          23 ;                 98 ;    26 ;   4 ;    67.228 ;0.000/local_processing + 1.000/remote_processing
       23 ;                 31 ;     515 ;           9 ;                 67 ;    84 ;  30 ;    21.6   ;1.000/local_processing + 0.000/remote_processing
       81 ;                 92 ;     275 ;           5 ;                 18 ;     6 ;  96 ;    67.425 ;0.000/local_processing + 0.654/remote_processing
       86 ;                 69 ;     367 ;           3 ;                 37 ;    85 ;  38 ;    67.228 ;0.000/local_processing + 1.000/remote_processing
       26 ;                 19 ;     358 ;           1 ;                 90 ;    86 ;  10 ;    21.6   ;1.000/local_processing + 0.000/remote_processing
       25 ;                 35 ;     286 ;           9 ;                 17 ;     2 ;  46 ;    21.6   ;1.000/local_processing + 0.000/remote_processing
       70 ;                 52 ;     261 ;          46 ;                 90 ;    40 ;  43 ;    67.352 ;0.000/local_processing + 0.762/remote_processing
       42 ;                 22 ;     412 ;          42 ;                 73 ;    29 ;  78 ;    67.228 ;0.000/local_processing + 1.000/remote_processing
       65 ;                 46 ;     240 ;          21 ;                  8 ;    96 ;  45 ;    67.261 ;0.000/local_processing + 0.923/remote_processing
       96 ;                 58 ;     418 ;           7 ;                  4 ;    51 ;  12 ;    67.228 ;0.000/local_processing + 1.000/remote_processing
       75 ;                 71 ;     342 ;          26 ;                 11 ;    79 ;  74 ;    67.293 ;0.000/local_processing + 0.862/remote_processing
       21 ;                 35 ;      10 ;          26 ;                 56 ;     4 ;  15 ;    21.6   ;1.000/local_processing + 0.000/remote_processing
       21 ;                 21 ;      98 ;          13 ;                 36 ;    61 ;  86 ;    21.6   ;1.000/local_processing + 0.000/remote_processing
        8 ;                 63 ;      77 ;          12 ;                 16 ;    29 ;  60 ;    51.741 ;0.400/local_processing + 0.600/remote_processing
       77 ;                 50 ;      72 ;          21 ;                 15 ;    39 ;   2 ;    67.228 ;0.000/local_processing + 1.000/remote_processing
        9 ;                 91 ;     531 ;          39 ;                 22 ;    79 ;  18 ;    50.022 ;0.450/local_processing + 0.550/remote_processing
       17 ;                 29 ;     361 ;          40 ;                 16 ;    98 ;   4 ;    32.8   ;0.850/local_processing + 0.150/remote_processing
       32 ;                  1 ;     468 ;           6 ;                 78 ;    48 ;  97 ;    35.665 ;0.800/local_processing + 0.200/remote_processing
       81 ;                 55 ;      47 ;          31 ;                 61 ;    23 ;  74 ;    67.228 ;0.000/local_processing + 1.000/remote_processing
       19 ;                  4 ;     365 ;          19 ;                 22 ;    21 ;   1 ;    25.872 ;0.950/local_processing + 0.050/remote_processing
       32 ;                 45 ;     351 ;          29 ;                 96 ;    26 ;  28 ;    35.665 ;0.800/local_processing + 0.200/remote_processing
       19 ;                 24 ;     303 ;           6 ;                 24 ;    95 ;  50 ;    25.872 ;0.950/local_processing + 0.050/remote_processing
       72 ;                 43 ;     262 ;          17 ;                 60 ;    42 ;   9 ;    38.042 ;0.754/local_processing + 0.246/remote_processing
       25 ;                 33 ;     578 ;          16 ;                 71 ;    39 ;  23 ;    21.6   ;1.000/local_processing + 0.000/remote_processing
       94 ;                 17 ;      13 ;          42 ;                 75 ;    38 ;  85 ;    67.228 ;0.000/local_processing + 1.000/remote_processing
       43 ;                 20 ;     587 ;           6 ;                 72 ;    54 ;  14 ;    67.228 ;0.000/local_processing + 1.000/remote_processing
       94 ;                 22 ;     345 ;          28 ;                  2 ;    81 ;  42 ;    67.281 ;0.000/local_processing + 0.885/remote_processing
       31 ;                 94 ;     458 ;          29 ;                 92 ;    37 ;   1 ;    29.566 ;0.900/local_processing + 0.100/remote_processing
       18 ;                 82 ;      69 ;           1 ;                 87 ;     1 ;  99 ;    29.566 ;0.900/local_processing + 0.100/remote_processing
        1 ;                 74 ;     130 ;          31 ;                 54 ;     4 ;  43 ;    64.987 ;0.050/local_processing + 0.950/remote_processing
       70 ;                 12 ;     395 ;          32 ;                 75 ;    81 ;  35 ;    67.228 ;0.000/local_processing + 1.000/remote_processing
       89 ;                 92 ;     121 ;          15 ;                 40 ;    82 ;  15 ;    21.6   ;1.000/local_processing + 0.000/remote_processing
        8 ;                 87 ;     121 ;          49 ;                 79 ;    23 ;  68 ;    51.741 ;0.400/local_processing + 0.600/remote_processing
       33 ;                 66 ;     174 ;          49 ;                 59 ;     9 ;  17 ;    40.546 ;0.700/local_processing + 0.300/remote_processing
        8 ;                  9 ;     176 ;          28 ;                 21 ;    10 ;  51 ;    51.741 ;0.400/local_processing + 0.600/remote_processing
       76 ;                 67 ;     519 ;          44 ;                 53 ;    32 ;  35 ;    67.228 ;0.000/local_processing + 1.000/remote_processing
       87 ;                  5 ;     434 ;          41 ;                 38 ;    86 ;  18 ;    67.228 ;0.000/local_processing + 1.000/remote_processing
       65 ;                 51 ;     495 ;           2 ;                 81 ;    11 ;  14 ;    67.228 ;0.000/local_processing + 1.000/remote_processing
       93 ;                 77 ;      95 ;          39 ;                 70 ;    49 ;  23 ;    21.6   ;1.000/local_processing + 0.000/remote_processing
       72 ;                 38 ;     489 ;          47 ;                 55 ;    24 ;  67 ;    67.228 ;0.000/local_processing + 1.000/remote_processing
       41 ;                 66 ;     130 ;          44 ;                 93 ;    91 ;  65 ;    67.228 ;0.000/local_processing + 1.000/remote_processing
       32 ;                 18 ;     126 ;          42 ;                 92 ;    50 ;  45 ;    35.665 ;0.800/local_processing + 0.200/remote_processing
        6 ;                 99 ;      82 ;          49 ;                 98 ;    80 ;  47 ;    55.221 ;0.300/local_processing + 0.700/remote_processing
       70 ;                 75 ;     516 ;          19 ;                 27 ;    20 ;  38 ;    67.228 ;0.000/local_processing + 1.000/remote_processing
       29 ;                 57 ;     108 ;          19 ;                 83 ;    54 ;  63 ;    21.6   ;1.000/local_processing + 0.000/remote_processing
       65 ;                 60 ;      61 ;          27 ;                 68 ;    45 ;  59 ;    67.228 ;0.000/local_processing + 1.000/remote_processing
        7 ;                 50 ;     447 ;           3 ;                 65 ;    54 ;  32 ;    53.465 ;0.350/local_processing + 0.650/remote_processing
       54 ;                 13 ;     576 ;          35 ;                 55 ;    25 ;  50 ;    67.228 ;0.000/local_processing + 1.000/remote_processing
       96 ;                 17 ;      29 ;          21 ;                 75 ;    89 ;  80 ;    67.228 ;0.000/local_processing + 1.000/remote_processing
       47 ;                 40 ;     136 ;          12 ;                 21 ;    29 ;  19 ;    67.228 ;0.000/local_processing + 1.000/remote_processing
       52 ;                 56 ;     566 ;          12 ;                  2 ;    28 ;  37 ;    67.228 ;0.000/local_processing + 1.000/remote_processing
       88 ;                 49 ;     567 ;          30 ;                 29 ;    59 ;  35 ;    67.228 ;0.000/local_processing + 1.000/remote_processing
       22 ;                 42 ;      63 ;          16 ;                  2 ;    98 ;  74 ;    21.6   ;1.000/local_processing + 0.000/remote_processing
       33 ;                  5 ;      17 ;          30 ;                 11 ;     7 ;  78 ;    40.546 ;0.700/local_processing + 0.300/remote_processing
       12 ;                 75 ;     456 ;          40 ;                 96 ;    78 ;  53 ;    44.635 ;0.600/local_processing + 0.400/remote_processing
       25 ;                 33 ;     476 ;          10 ;                 47 ;    47 ;  73 ;    21.6   ;1.000/local_processing + 0.000/remote_processing
       17 ;                 67 ;      13 ;          31 ;                 26 ;    95 ;  56 ;    32.8   ;0.850/local_processing + 0.150/remote_processing
       16 ;                 24 ;     493 ;          24 ;                 31 ;    14 ;  97 ;    35.665 ;0.800/local_processing + 0.200/remote_processing
       33 ;                 81 ;     159 ;          41 ;                 61 ;    46 ;  11 ;    22.149 ;0.700/local_processing + 0.000/remote_processing
        5 ;                 11 ;     443 ;           7 ;                 61 ;    60 ;  88 ;    57.035 ;0.250/local_processing + 0.750/remote_processing
       67 ;                 80 ;     505 ;          43 ;                 75 ;    38 ;  32 ;    67.228 ;0.000/local_processing + 1.000/remote_processing
       31 ;                 23 ;     292 ;           1 ;                 90 ;    68 ;  66 ;    29.566 ;0.900/local_processing + 0.100/remote_processing
       37 ;                 28 ;      62 ;          18 ;                 50 ;    43 ;  60 ;    55.221 ;0.300/local_processing + 0.700/remote_processing
       80 ;                 14 ;     417 ;          32 ;                 84 ;    50 ;  35 ;    67.228 ;0.000/local_processing + 1.000/remote_processing
       72 ;                 21 ;      77 ;          13 ;                 23 ;     3 ;   9 ;    67.228 ;0.000/local_processing + 1.000/remote_processing
       37 ;                 40 ;     311 ;          45 ;                 45 ;    80 ;  65 ;    54.586 ;0.300/local_processing + 0.623/remote_processing
       66 ;                 54 ;     510 ;           2 ;                 58 ;    96 ;   1 ;    67.228 ;0.000/local_processing + 1.000/remote_processing
       56 ;                 67 ;     237 ;          49 ;                 65 ;    20 ;  62 ;    67.251 ;0.000/local_processing + 0.946/remote_processing
       44 ;                 66 ;     333 ;          11 ;                 70 ;    28 ;   3 ;    58.881 ;0.200/local_processing + 0.792/remote_processing
       10 ;                 12 ;     277 ;          18 ;                 64 ;     8 ;  12 ;    48.284 ;0.500/local_processing + 0.500/remote_processing
       42 ;                 14 ;     330 ;          27 ;                 45 ;    26 ;  38 ;    64.083 ;0.067/local_processing + 0.769/remote_processing
        7 ;                 91 ;     366 ;          36 ;                 52 ;    68 ;  81 ;    53.465 ;0.350/local_processing + 0.650/remote_processing
       15 ;                 73 ;     576 ;          20 ;                 19 ;    81 ;  13 ;    38.23  ;0.750/local_processing + 0.250/remote_processing
       86 ;                 82 ;     531 ;          38 ;                 17 ;    35 ;  90 ;    67.228 ;0.000/local_processing + 1.000/remote_processing
       65 ;                 40 ;     187 ;          37 ;                 15 ;     5 ;  76 ;    67.228 ;0.000/local_processing + 1.000/remote_processing
       62 ;                 15 ;     257 ;          29 ;                  8 ;    42 ;  73 ;    67.333 ;0.000/local_processing + 0.792/remote_processing
        7 ;                 34 ;     518 ;          17 ;                 78 ;     6 ;  79 ;    53.465 ;0.350/local_processing + 0.650/remote_processing
       91 ;                 60 ;     356 ;          39 ;                 42 ;    61 ;  95 ;    67.24  ;0.000/local_processing + 0.969/remote_processing
       44 ;                 67 ;      77 ;          10 ;                 99 ;    97 ;  99 ;    67.228 ;0.000/local_processing + 1.000/remote_processing
       84 ;                 58 ;     538 ;          30 ;                 36 ;    70 ;  41 ;    67.228 ;0.000/local_processing + 1.000/remote_processing
       31 ;                 41 ;      68 ;          38 ;                 82 ;    41 ;  77 ;    29.566 ;0.900/local_processing + 0.100/remote_processing
        1 ;                 94 ;      21 ;           8 ;                  1 ;    87 ;  15 ;    64.987 ;0.050/local_processing + 0.950/remote_processing
       13 ;                 42 ;     417 ;          44 ;                 48 ;    51 ;  73 ;    42.664 ;0.650/local_processing + 0.350/remote_processing
       84 ;                 66 ;     470 ;          34 ;                 20 ;    51 ;  66 ;    67.228 ;0.000/local_processing + 1.000/remote_processing
       32 ;                 39 ;     175 ;          17 ;                 89 ;    56 ;  34 ;    35.665 ;0.800/local_processing + 0.200/remote_processing
       44 ;                 37 ;     532 ;          38 ;                 20 ;     6 ;  22 ;    67.228 ;0.000/local_processing + 1.000/remote_processing
       49 ;                 25 ;     303 ;           4 ;                 53 ;    70 ;  60 ;    67.494 ;0.000/local_processing + 0.562/remote_processing
       56 ;                 30 ;     543 ;           6 ;                 49 ;    11 ;  17 ;    67.228 ;0.000/local_processing + 1.000/remote_processing
       34 ;                 19 ;     208 ;          20 ;                 42 ;    61 ;  21 ;    22.373 ;0.600/local_processing + 0.000/remote_processing
       83 ;                 36 ;     279 ;           8 ;                 25 ;    69 ;  93 ;    67.447 ;0.000/local_processing + 0.623/remote_processing
       49 ;                 20 ;     269 ;          21 ;                 25 ;    10 ;  73 ;    67.392 ;0.000/local_processing + 0.700/remote_processing
       49 ;                 96 ;     553 ;          28 ;                 67 ;    55 ;  82 ;    67.228 ;0.000/local_processing + 1.000/remote_processing
       45 ;                 74 ;     270 ;           7 ;                 25 ;    89 ;  69 ;    67.398 ;0.000/local_processing + 0.692/remote_processing
       80 ;                 74 ;     187 ;          34 ;                 12 ;    70 ;  37 ;    67.228 ;0.000/local_processing + 1.000/remote_processing
        4 ;                 81 ;     562 ;           7 ;                 12 ;    62 ;   2 ;    58.912 ;0.200/local_processing + 0.800/remote_processing
       19 ;                 49 ;     276 ;          19 ;                 65 ;    70 ;  37 ;    25.872 ;0.950/local_processing + 0.050/remote_processing
       34 ;                 87 ;     322 ;          47 ;                 29 ;     6 ;  17 ;    44.635 ;0.600/local_processing + 0.400/remote_processing
        7 ;                 25 ;      62 ;          14 ;                 34 ;    93 ;  53 ;    52.969 ;0.350/local_processing + 0.600/remote_processing
       89 ;                 88 ;     395 ;          14 ;                 71 ;    58 ;  45 ;    67.228 ;0.000/local_processing + 1.000/remote_processing
       34 ;                 95 ;      56 ;          39 ;                 58 ;    18 ;  49 ;    44.635 ;0.600/local_processing + 0.400/remote_processing
        6 ;                  5 ;      96 ;          37 ;                 79 ;    45 ;  98 ;    55.221 ;0.300/local_processing + 0.700/remote_processing
       88 ;                 32 ;     294 ;           6 ;                 81 ;    95 ;  41 ;    67.536 ;0.000/local_processing + 0.508/remote_processing
       82 ;                 18 ;     340 ;          26 ;                 53 ;    24 ;  20 ;    67.302 ;0.000/local_processing + 0.846/remote_processing
       10 ;                 10 ;     122 ;          49 ;                 67 ;    69 ;  68 ;    48.284 ;0.500/local_processing + 0.500/remote_processing
       36 ;                 25 ;     264 ;           7 ;                  7 ;    48 ;  69 ;    51.741 ;0.400/local_processing + 0.600/remote_processing
       30 ;                 16 ;      71 ;          21 ;                 87 ;     3 ;  94 ;    21.6   ;1.000/local_processing + 0.000/remote_processing
       53 ;                 83 ;     224 ;          37 ;                 13 ;    75 ;  54 ;    67.228 ;0.000/local_processing + 1.000/remote_processing
       17 ;                 56 ;     497 ;           6 ;                 86 ;    32 ;  46 ;    32.8   ;0.850/local_processing + 0.150/remote_processing
       23 ;                 78 ;     132 ;           2 ;                  2 ;    95 ;  91 ;    21.6   ;1.000/local_processing + 0.000/remote_processing
       17 ;                 49 ;     105 ;          14 ;                 25 ;    53 ;  15 ;    32.8   ;0.850/local_processing + 0.150/remote_processing
       33 ;                 47 ;     581 ;           6 ;                 34 ;    91 ;  76 ;    40.546 ;0.700/local_processing + 0.300/remote_processing
       67 ;                 18 ;     520 ;          33 ;                 12 ;    18 ;   5 ;    67.228 ;0.000/local_processing + 1.000/remote_processing
       52 ;                 19 ;     192 ;          27 ;                 87 ;    45 ;  25 ;    21.6   ;1.000/local_processing + 0.000/remote_processing
       74 ;                 43 ;     499 ;          29 ;                  5 ;    36 ;  33 ;    67.228 ;0.000/local_processing + 1.000/remote_processing
       20 ;                 30 ;     126 ;           2 ;                 97 ;    60 ;  19 ;    21.6   ;1.000/local_processing + 0.000/remote_processing
       38 ;                 48 ;     258 ;          35 ;                 11 ;    48 ;  17 ;    58.849 ;0.200/local_processing + 0.785/remote_processing
       89 ;                 94 ;      80 ;          35 ;                 58 ;     1 ;  45 ;    67.228 ;0.000/local_processing + 1.000/remote_processing
       67 ;                 52 ;     418 ;           8 ;                 39 ;    78 ;  98 ;    67.228 ;0.000/local_processing + 1.000/remote_processing
       81 ;                 83 ;     428 ;          26 ;                 13 ;    72 ;  37 ;    67.228 ;0.000/local_processing + 1.000/remote_processing
       94 ;                 93 ;      12 ;          36 ;                  1 ;    73 ;  63 ;    67.228 ;0.000/local_processing + 1.000/remote_processing
       55 ;                 18 ;     311 ;           7 ;                 53 ;    22 ;   4 ;    67.447 ;0.000/local_processing + 0.623/remote_processing
       91 ;                 86 ;     123 ;          22 ;                 98 ;    56 ;  22 ;    21.6   ;1.000/local_processing + 0.000/remote_processing
       15 ;                 42 ;     468 ;          39 ;                  6 ;    84 ;  11 ;    38.23  ;0.750/local_processing + 0.250/remote_processing
       17 ;                 81 ;      91 ;          13 ;                 32 ;    27 ;  51 ;    32.8   ;0.850/local_processing + 0.150/remote_processing
       14 ;                 37 ;     422 ;          35 ;                 51 ;    86 ;  86 ;    40.546 ;0.700/local_processing + 0.300/remote_processing
        9 ;                 34 ;     202 ;          36 ;                 79 ;    81 ;  72 ;    50.022 ;0.450/local_processing + 0.550/remote_processing
       97 ;                 80 ;     221 ;          49 ;                 57 ;    32 ;  57 ;    67.515 ;0.000/local_processing + 0.533/remote_processing
       66 ;                 82 ;       1 ;          21 ;                 45 ;    86 ;   7 ;    21.6   ;1.000/local_processing + 0.000/remote_processing
       31 ;                 18 ;     588 ;           4 ;                 51 ;    97 ;  42 ;    29.566 ;0.900/local_processing + 0.100/remote_processing
       11 ;                 83 ;      47 ;          31 ;                 80 ;    15 ;   1 ;    46.497 ;0.550/local_processing + 0.450/remote_processing
       38 ;                 12 ;     278 ;          36 ;                 21 ;    80 ;  75 ;    57.984 ;0.200/local_processing + 0.631/remote_processing
       15 ;                 18 ;     427 ;          17 ;                 99 ;    78 ;  20 ;    38.23  ;0.750/local_processing + 0.250/remote_processing
       26 ;                 99 ;      28 ;          14 ;                 23 ;    30 ;  17 ;    21.6   ;1.000/local_processing + 0.000/remote_processing
       99 ;                 26 ;     312 ;          42 ;                 50 ;    32 ;  43 ;    67.442 ;0.000/local_processing + 0.631/remote_processing
       28 ;                  7 ;     341 ;          11 ;                 67 ;    40 ;  53 ;    21.6   ;1.000/local_processing + 0.000/remote_processing
       52 ;                 30 ;     445 ;          29 ;                 18 ;    49 ;  20 ;    67.228 ;0.000/local_processing + 1.000/remote_processing
       82 ;                 37 ;     293 ;          48 ;                 23 ;    49 ;   1 ;    67.53  ;0.000/local_processing + 0.515/remote_processing
       91 ;                 18 ;     158 ;          34 ;                 66 ;    41 ;  93 ;    67.228 ;0.000/local_processing + 1.000/remote_processing
       95 ;                 45 ;     251 ;          36 ;                 17 ;    77 ;   6 ;    67.306 ;0.000/local_processing + 0.838/remote_processing
        4 ;                 87 ;     138 ;          19 ;                 64 ;    67 ;  59 ;    58.912 ;0.200/local_processing + 0.800/remote_processing
       21 ;                 79 ;     376 ;          20 ;                 24 ;    71 ;  40 ;    21.6   ;1.000/local_processing + 0.000/remote_processing
       22 ;                 31 ;     146 ;          16 ;                 46 ;    62 ;  15 ;    21.6   ;1.000/local_processing + 0.000/remote_processing
       13 ;                  1 ;     164 ;          22 ;                 13 ;    96 ;  93 ;    42.664 ;0.650/local_processing + 0.350/remote_processing
       80 ;                 24 ;     333 ;          49 ;                 32 ;    10 ;  14 ;    67.333 ;0.000/local_processing + 0.792/remote_processing
       16 ;                 13 ;     431 ;          20 ;                 52 ;    43 ;  49 ;    35.665 ;0.800/local_processing + 0.200/remote_processing
       32 ;                 23 ;     313 ;           7 ;                 67 ;    22 ;  24 ;    35.665 ;0.800/local_processing + 0.200/remote_processing
       84 ;                 75 ;     364 ;          16 ;                 78 ;    67 ;  96 ;    67.228 ;0.000/local_processing + 1.000/remote_processing
       79 ;                  6 ;     198 ;          40 ;                 34 ;    30 ;  49 ;    67.416 ;0.000/local_processing + 0.667/remote_processing
       58 ;                 73 ;     134 ;          32 ;                 25 ;    47 ;  77 ;    67.228 ;0.000/local_processing + 1.000/remote_processing
       78 ;                 16 ;     455 ;           9 ;                  1 ;    89 ;  55 ;    67.228 ;0.000/local_processing + 1.000/remote_processing
       10 ;                  3 ;     575 ;          36 ;                 76 ;    23 ;  60 ;    48.284 ;0.500/local_processing + 0.500/remote_processing
       84 ;                 65 ;      70 ;          47 ;                  8 ;    81 ;  58 ;    67.228 ;0.000/local_processing + 1.000/remote_processing
       13 ;                 15 ;     299 ;          37 ;                  6 ;    27 ;   1 ;    42.664 ;0.650/local_processing + 0.350/remote_processing
       67 ;                  3 ;     225 ;          32 ;                 73 ;    87 ;  61 ;    67.228 ;0.000/local_processing + 1.000/remote_processing
       56 ;                 72 ;      80 ;          26 ;                 54 ;    75 ;  97 ;    67.228 ;0.000/local_processing + 1.000/remote_processing
       82 ;                  1 ;      64 ;          21 ;                 91 ;     2 ;  55 ;    67.228 ;0.000/local_processing + 1.000/remote_processing
       70 ;                 82 ;     422 ;           5 ;                 33 ;     2 ;   7 ;    67.228 ;0.000/local_processing + 1.000/remote_processing
       64 ;                 29 ;     310 ;          35 ;                 73 ;    86 ;  37 ;    57.869 ;0.200/local_processing + 0.615/remote_processing
       51 ;                  2 ;     390 ;          14 ;                 66 ;    85 ;  15 ;    67.228 ;0.000/local_processing + 1.000/remote_processing
       25 ;                 95 ;     199 ;           5 ;                 86 ;    25 ;  79 ;    21.6   ;1.000/local_processing + 0.000/remote_processing
       37 ;                 84 ;     231 ;          49 ;                 44 ;    57 ;  28 ;    36.631 ;0.700/local_processing + 0.200/remote_processing
       38 ;                 60 ;     502 ;          21 ;                 33 ;    75 ;  57 ;    58.912 ;0.200/local_processing + 0.800/remote_processing
       63 ;                 24 ;     167 ;           4 ;                 84 ;     4 ;  86 ;    67.228 ;0.000/local_processing + 1.000/remote_processing
       19 ;                 96 ;     398 ;          15 ;                 97 ;    62 ;  14 ;    25.872 ;0.950/local_processing + 0.050/remote_processing
       10 ;                 63 ;     386 ;          22 ;                  1 ;    20 ;  52 ;    48.284 ;0.500/local_processing + 0.500/remote_processing
       17 ;                 53 ;     557 ;          35 ;                 26 ;     3 ;  10 ;    32.8   ;0.850/local_processing + 0.150/remote_processing
       93 ;                 52 ;     110 ;          28 ;                 75 ;    25 ;  93 ;    67.228 ;0.000/local_processing + 1.000/remote_processing
       55 ;                 56 ;      15 ;          27 ;                 72 ;    35 ;  46 ;    67.416 ;0.000/local_processing + 0.667/remote_processing
       24 ;                 63 ;     212 ;          25 ;                  4 ;    47 ;  67 ;    21.6   ;1.000/local_processing + 0.000/remote_processing
       22 ;                 13 ;      22 ;          31 ;                 41 ;    45 ;  98 ;    21.6   ;1.000/local_processing + 0.000/remote_processing
       34 ;                  2 ;      98 ;          24 ;                 35 ;    63 ;  75 ;    44.635 ;0.600/local_processing + 0.400/remote_processing
       88 ;                 71 ;     349 ;          36 ;                 48 ;     2 ;  25 ;    67.265 ;0.000/local_processing + 0.915/remote_processing
       11 ;                 53 ;     343 ;          11 ;                  9 ;    37 ;  58 ;    46.497 ;0.550/local_processing + 0.450/remote_processing
       30 ;                 14 ;      33 ;          34 ;                 44 ;    28 ;  73 ;    21.6   ;1.000/local_processing + 0.000/remote_processing
       81 ;                 37 ;     271 ;           1 ;                 49 ;    75 ;  57 ;    67.403 ;0.000/local_processing + 0.685/remote_processing
       57 ;                 94 ;     307 ;          40 ;                 87 ;    18 ;  63 ;    67.47  ;0.000/local_processing + 0.592/remote_processing
       98 ;                 75 ;     546 ;          27 ;                 66 ;    91 ;  42 ;    67.228 ;0.000/local_processing + 1.000/remote_processing
       77 ;                  1 ;     302 ;          25 ;                 81 ;    65 ;  19 ;    50.154 ;0.446/local_processing + 0.554/remote_processing
        3 ;                 68 ;     386 ;          31 ;                 19 ;    35 ;  23 ;    60.849 ;0.150/local_processing + 0.850/remote_processing
       28 ;                 27 ;       4 ;          13 ;                 83 ;    96 ;  39 ;    21.6   ;1.000/local_processing + 0.000/remote_processing
       68 ;                 41 ;       3 ;          24 ;                 93 ;    69 ;  87 ;    67.228 ;0.000/local_processing + 1.000/remote_processing
       78 ;                 91 ;     393 ;          15 ;                 77 ;    86 ;  50 ;    67.228 ;0.000/local_processing + 1.000/remote_processing
       49 ;                 32 ;     376 ;           6 ;                 46 ;    59 ;   2 ;    67.228 ;0.000/local_processing + 1.000/remote_processing
       84 ;                 58 ;     389 ;          41 ;                 62 ;    17 ;  31 ;    67.228 ;0.000/local_processing + 1.000/remote_processing
       26 ;                 12 ;     596 ;           7 ;                 96 ;    65 ;  35 ;    21.6   ;1.000/local_processing + 0.000/remote_processing
       26 ;                 76 ;     210 ;          29 ;                 55 ;    18 ;   4 ;    21.6   ;1.000/local_processing + 0.000/remote_processing
       72 ;                 73 ;      73 ;          10 ;                 69 ;    38 ;  51 ;    67.29  ;0.000/local_processing + 0.867/remote_processing
        5 ;                 76 ;     197 ;          45 ;                 64 ;    19 ;  93 ;    57.035 ;0.250/local_processing + 0.750/remote_processing
       33 ;                 85 ;     261 ;          16 ;                 64 ;    48 ;  57 ;    40.546 ;0.700/local_processing + 0.300/remote_processing
       32 ;                 82 ;      29 ;           1 ;                 70 ;    37 ;   3 ;    35.665 ;0.800/local_processing + 0.200/remote_processing
       74 ;                 43 ;     104 ;          17 ;                 38 ;     9 ;   2 ;    67.228 ;0.000/local_processing + 1.000/remote_processing
       75 ;                 40 ;     490 ;          19 ;                 36 ;    47 ;  59 ;    67.228 ;0.000/local_processing + 1.000/remote_processing
       18 ;                 59 ;     305 ;          10 ;                 27 ;    40 ;  42 ;    29.566 ;0.900/local_processing + 0.100/remote_processing
       57 ;                 44 ;     253 ;          33 ;                 28 ;    98 ;  86 ;    67.314 ;0.000/local_processing + 0.823/remote_processing
       71 ;                 51 ;     399 ;           4 ;                 93 ;    87 ;  55 ;    67.228 ;0.000/local_processing + 1.000/remote_processing
        7 ;                 70 ;     270 ;          33 ;                 81 ;    33 ;  85 ;    53.465 ;0.350/local_processing + 0.650/remote_processing
        2 ;                 74 ;     534 ;          26 ;                 27 ;    88 ;  86 ;    62.867 ;0.100/local_processing + 0.900/remote_processing
       58 ;                 11 ;      29 ;          31 ;                 92 ;    14 ;   2 ;    67.228 ;0.000/local_processing + 1.000/remote_processing
       10 ;                 66 ;      91 ;          11 ;                 57 ;    59 ;  25 ;    22.615 ;0.500/local_processing + 0.000/remote_processing
       99 ;                 65 ;     495 ;          47 ;                  2 ;    90 ;  95 ;    67.228 ;0.000/local_processing + 1.000/remote_processing
       65 ;                  6 ;     223 ;           1 ;                 82 ;    60 ;  43 ;    67.228 ;0.000/local_processing + 1.000/remote_processing
       45 ;                 62 ;     306 ;           6 ;                 69 ;    57 ;  40 ;    67.476 ;0.000/local_processing + 0.585/remote_processing
       24 ;                 15 ;     352 ;          15 ;                  1 ;    52 ;   2 ;    21.6   ;1.000/local_processing + 0.000/remote_processing
       99 ;                 67 ;     468 ;          49 ;                  4 ;    63 ;  73 ;    67.228 ;0.000/local_processing + 1.000/remote_processing
       61 ;                 19 ;      61 ;          49 ;                  5 ;    93 ;  53 ;    67.228 ;0.000/local_processing + 1.000/remote_processing
       59 ;                 65 ;     257 ;          26 ;                 43 ;    23 ;  16 ;    67.333 ;0.000/local_processing + 0.792/remote_processing
       49 ;                 48 ;     581 ;          48 ;                 24 ;    77 ;  16 ;    67.228 ;0.000/local_processing + 1.000/remote_processing
       81 ;                  6 ;     497 ;           8 ;                 27 ;    11 ;  52 ;    67.228 ;0.000/local_processing + 1.000/remote_processing
       83 ;                 69 ;     455 ;          20 ;                  9 ;    90 ;  17 ;    67.228 ;0.000/local_processing + 1.000/remote_processing
       29 ;                 11 ;     335 ;          28 ;                 74 ;    43 ;  36 ;    21.6   ;1.000/local_processing + 0.000/remote_processing
       98 ;                 84 ;      24 ;          12 ;                 67 ;    36 ;  54 ;    67.37  ;0.000/local_processing + 0.733/remote_processing
       36 ;                 21 ;     464 ;           3 ;                 74 ;    36 ;  93 ;    51.741 ;0.400/local_processing + 0.600/remote_processing
       80 ;                 14 ;     361 ;          29 ;                  5 ;    12 ;  86 ;    67.228 ;0.000/local_processing + 1.000/remote_processing
       67 ;                 20 ;     153 ;           9 ;                 30 ;    91 ;  64 ;    67.416 ;0.000/local_processing + 0.667/remote_processing
       81 ;                  4 ;     418 ;          24 ;                 37 ;    45 ;  67 ;    67.228 ;0.000/local_processing + 1.000/remote_processing
       30 ;                 26 ;     286 ;           6 ;                 63 ;    52 ;  96 ;    21.6   ;1.000/local_processing + 0.000/remote_processing
       36 ;                 32 ;     559 ;           9 ;                 79 ;    48 ;  63 ;    51.741 ;0.400/local_processing + 0.600/remote_processing
       22 ;                 11 ;     260 ;          13 ;                 15 ;    43 ;  98 ;    21.6   ;1.000/local_processing + 0.000/remote_processing
       66 ;                 18 ;      38 ;           1 ;                 10 ;    71 ;  51 ;    67.228 ;0.000/local_processing + 1.000/remote_processing
       96 ;                 20 ;     223 ;          28 ;                 75 ;    73 ;  87 ;    67.228 ;0.000/local_processing + 1.000/remote_processing
       53 ;                 80 ;     257 ;          21 ;                 20 ;    58 ;  82 ;    67.333 ;0.000/local_processing + 0.792/remote_processing
       58 ;                 28 ;     425 ;          24 ;                 92 ;    38 ;  58 ;    67.228 ;0.000/local_processing + 1.000/remote_processing
       81 ;                 66 ;     478 ;          28 ;                 53 ;     8 ;  44 ;    67.228 ;0.000/local_processing + 1.000/remote_processing
       79 ;                 11 ;     139 ;          27 ;                 11 ;    77 ;  60 ;    67.228 ;0.000/local_processing + 1.000/remote_processing
        3 ;                 17 ;     484 ;          44 ;                 39 ;    93 ;  87 ;    60.849 ;0.150/local_processing + 0.850/remote_processing
        8 ;                 76 ;     140 ;          22 ;                 24 ;    91 ;  72 ;    51.741 ;0.400/local_processing + 0.600/remote_processing
       19 ;                 65 ;       4 ;           4 ;                 66 ;    57 ;  72 ;    25.872 ;0.950/local_processing + 0.050/remote_processing
        9 ;                 30 ;     563 ;          33 ;                 50 ;    47 ;  12 ;    50.022 ;0.450/local_processing + 0.550/remote_processing
       96 ;                 72 ;     116 ;          39 ;                  2 ;    98 ;  56 ;    67.228 ;0.000/local_processing + 1.000/remote_processing
       35 ;                 30 ;     100 ;           1 ;                 58 ;    84 ;  17 ;    22.615 ;0.500/local_processing + 0.000/remote_processing
       27 ;                 56 ;     358 ;          12 ;                 36 ;    21 ;  51 ;    21.6   ;1.000/local_processing + 0.000/remote_processing
       11 ;                 41 ;     386 ;          41 ;                 66 ;    60 ;  38 ;    46.497 ;0.550/local_processing + 0.450/remote_processing
       98 ;                 30 ;     538 ;          20 ;                 77 ;    14 ;  61 ;    67.228 ;0.000/local_processing + 1.000/remote_processing
       60 ;                 38 ;     176 ;          30 ;                 52 ;    82 ;  33 ;    49.446 ;0.467/local_processing + 0.533/remote_processing
       31 ;                 89 ;      60 ;          37 ;                 24 ;    76 ;  98 ;    29.566 ;0.900/local_processing + 0.100/remote_processing
       72 ;                 11 ;     516 ;          10 ;                  9 ;    93 ;  29 ;    67.228 ;0.000/local_processing + 1.000/remote_processing
       18 ;                 38 ;     156 ;          26 ;                 74 ;    88 ;  96 ;    29.566 ;0.900/local_processing + 0.100/remote_processing
       47 ;                 72 ;     564 ;           9 ;                 89 ;    26 ;  32 ;    67.228 ;0.000/local_processing + 1.000/remote_processing
       90 ;                 85 ;      20 ;          32 ;                  2 ;    72 ;  75 ;    67.228 ;0.000/local_processing + 1.000/remote_processing
       29 ;                 29 ;     475 ;          39 ;                 18 ;    77 ;  57 ;    21.6   ;1.000/local_processing + 0.000/remote_processing
       29 ;                 69 ;     257 ;           9 ;                 14 ;    98 ;  70 ;    21.6   ;1.000/local_processing + 0.000/remote_processing
       86 ;                 40 ;     427 ;          36 ;                 38 ;    79 ;  95 ;    67.228 ;0.000/local_processing + 1.000/remote_processing
       17 ;                 38 ;     282 ;          23 ;                 72 ;    32 ;   4 ;    32.8   ;0.850/local_processing + 0.150/remote_processing
       69 ;                 71 ;     580 ;          36 ;                  2 ;    25 ;  16 ;    67.228 ;0.000/local_processing + 1.000/remote_processing
        2 ;                 17 ;      31 ;          14 ;                 81 ;    10 ;  42 ;    62.867 ;0.100/local_processing + 0.900/remote_processing
       94 ;                 84 ;       3 ;          32 ;                 86 ;     2 ;  54 ;    67.228 ;0.000/local_processing + 1.000/remote_processing
       15 ;                 10 ;     145 ;          39 ;                 32 ;    68 ;  52 ;    38.23  ;0.750/local_processing + 0.250/remote_processing
       70 ;                 73 ;     436 ;          37 ;                 36 ;     3 ;  63 ;    67.228 ;0.000/local_processing + 1.000/remote_processing
       52 ;                 36 ;     256 ;          14 ;                  6 ;    62 ;  74 ;    67.328 ;0.000/local_processing + 0.800/remote_processing
       58 ;                 40 ;     138 ;          27 ;                 57 ;    47 ;  71 ;    67.228 ;0.000/local_processing + 1.000/remote_processing
       93 ;                 27 ;     567 ;           6 ;                 31 ;    98 ;  35 ;    67.228 ;0.000/local_processing + 1.000/remote_processing
       73 ;                 84 ;     372 ;          21 ;                 93 ;    63 ;  19 ;    67.228 ;0.000/local_processing + 1.000/remote_processing
       87 ;                 99 ;     468 ;          44 ;                 73 ;    40 ;  73 ;    67.228 ;0.000/local_processing + 1.000/remote_processing
       96 ;                 64 ;     279 ;           9 ;                 20 ;    94 ;   6 ;    67.447 ;0.000/local_processing + 0.623/remote_processing
       68 ;                 99 ;      55 ;          11 ;                 21 ;    94 ;  36 ;    67.228 ;0.000/local_processing + 1.000/remote_processing
       20 ;                 94 ;     536 ;          29 ;                 44 ;    95 ;  80 ;    21.6   ;1.000/local_processing + 0.000/remote_processing
       40 ;                 67 ;     203 ;           5 ;                 11 ;    59 ;  53 ;    67.228 ;0.000/local_processing + 1.000/remote_processing
       50 ;                  1 ;     243 ;          48 ;                 60 ;    19 ;  39 ;    67.273 ;0.000/local_processing + 0.900/remote_processing
       77 ;                 77 ;     114 ;          25 ;                 33 ;    49 ;  43 ;    67.515 ;0.000/local_processing + 0.533/remote_processing
       30 ;                 92 ;     184 ;          20 ;                 12 ;    34 ;  15 ;    21.6   ;1.000/local_processing + 0.000/remote_processing
       97 ;                 86 ;     178 ;          42 ;                 72 ;    38 ;  30 ;    41.978 ;0.667/local_processing + 0.333/remote_processing
       34 ;                 72 ;     181 ;          16 ;                 73 ;    98 ;  51 ;    44.635 ;0.600/local_processing + 0.400/remote_processing
       81 ;                 90 ;     287 ;          41 ;                 46 ;    87 ;  86 ;    67.494 ;0.000/local_processing + 0.562/remote_processing
        9 ;                 97 ;     434 ;          38 ;                 54 ;    17 ;  26 ;    50.022 ;0.450/local_processing + 0.550/remote_processing
       99 ;                 28 ;     539 ;          15 ;                 81 ;    60 ;  71 ;    67.228 ;0.000/local_processing + 1.000/remote_processing
       99 ;                 65 ;     192 ;          12 ;                 17 ;    82 ;  30 ;    67.228 ;0.000/local_processing + 1.000/remote_processing
       84 ;                  2 ;     592 ;          33 ;                  3 ;    78 ;  93 ;    67.228 ;0.000/local_processing + 1.000/remote_processing
        9 ;                  8 ;      88 ;           4 ;                  8 ;    55 ;  79 ;    50.022 ;0.450/local_processing + 0.550/remote_processing
       34 ;                 31 ;     161 ;          19 ;                 86 ;    95 ;  23 ;    22.373 ;0.600/local_processing + 0.000/remote_processing
       37 ;                 48 ;     557 ;          28 ;                 76 ;    96 ;  21 ;    55.221 ;0.300/local_processing + 0.700/remote_processing
       66 ;                 27 ;     488 ;          19 ;                 63 ;    59 ;  75 ;    67.228 ;0.000/local_processing + 1.000/remote_processing
       39 ;                  7 ;      22 ;          32 ;                 75 ;    27 ;  70 ;    62.816 ;0.100/local_processing + 0.867/remote_processing
       81 ;                 25 ;     405 ;          26 ;                 71 ;    13 ;  73 ;    67.228 ;0.000/local_processing + 1.000/remote_processing
       50 ;                 74 ;     475 ;          10 ;                 41 ;    14 ;  53 ;    67.228 ;0.000/local_processing + 1.000/remote_processing
       38 ;                  2 ;     309 ;          23 ;                 76 ;    69 ;  17 ;    52.005 ;0.392/local_processing + 0.608/remote_processing
       80 ;                 78 ;     325 ;          34 ;                 57 ;    63 ;  94 ;    67.372 ;0.000/local_processing + 0.731/remote_processing
       70 ;                 88 ;     265 ;          39 ;                 92 ;     6 ;  75 ;    67.372 ;0.000/local_processing + 0.731/remote_processing
       21 ;                 77 ;     140 ;          17 ;                 26 ;    85 ;  72 ;    21.6   ;1.000/local_processing + 0.000/remote_processing
       94 ;                 44 ;     451 ;           8 ;                 25 ;    47 ;  99 ;    67.228 ;0.000/local_processing + 1.000/remote_processing
       72 ;                 59 ;     213 ;          29 ;                 69 ;    38 ;  36 ;    56.42  ;0.267/local_processing + 0.733/remote_processing
       93 ;                 32 ;     260 ;          43 ;                 29 ;    12 ;  27 ;    67.347 ;0.000/local_processing + 0.769/remote_processing
       86 ;                 65 ;     394 ;          44 ;                 68 ;     2 ;  55 ;    67.228 ;0.000/local_processing + 1.000/remote_processing
       95 ;                 52 ;     267 ;          45 ;                 52 ;    45 ;  51 ;    67.382 ;0.000/local_processing + 0.715/remote_processing
       97 ;                 36 ;      84 ;           5 ;                 65 ;    26 ;  83 ;    67.228 ;0.000/local_processing + 1.000/remote_processing
       60 ;                 46 ;     216 ;          27 ;                 40 ;    71 ;   5 ;    21.6   ;1.000/local_processing + 0.000/remote_processing
       80 ;                 88 ;     581 ;           4 ;                 73 ;    22 ;  80 ;    67.228 ;0.000/local_processing + 1.000/remote_processing
       40 ;                 86 ;     257 ;           2 ;                 96 ;    10 ;  78 ;    67.333 ;0.000/local_processing + 0.792/remote_processing
       88 ;                  1 ;     419 ;          41 ;                  9 ;    50 ;  21 ;    67.228 ;0.000/local_processing + 1.000/remote_processing
       81 ;                 24 ;      30 ;          46 ;                 40 ;    92 ;  73 ;    67.228 ;0.000/local_processing + 1.000/remote_processing
        7 ;                 28 ;     151 ;          41 ;                 92 ;    70 ;   8 ;    22.259 ;0.650/local_processing + 0.000/remote_processing
       30 ;                 39 ;      40 ;          21 ;                 62 ;    39 ;  29 ;    21.6   ;1.000/local_processing + 0.000/remote_processing
        6 ;                 73 ;     444 ;          22 ;                 53 ;    88 ;  53 ;    55.221 ;0.300/local_processing + 0.700/remote_processing
       23 ;                 43 ;     387 ;          10 ;                  5 ;     3 ;  30 ;    21.6   ;1.000/local_processing + 0.000/remote_processing
       12 ;                 65 ;     559 ;           2 ;                 69 ;    30 ;  31 ;    44.635 ;0.600/local_processing + 0.400/remote_processing
        5 ;                 90 ;     413 ;          18 ;                 10 ;    56 ;  39 ;    57.035 ;0.250/local_processing + 0.750/remote_processing
       59 ;                 40 ;     103 ;          11 ;                 15 ;    75 ;  72 ;    67.228 ;0.000/local_processing + 1.000/remote_processing
       12 ;                 86 ;     538 ;          34 ;                 41 ;    44 ;  35 ;    44.635 ;0.600/local_processing + 0.400/remote_processing
       30 ;                 56 ;      91 ;          22 ;                 87 ;    69 ;   7 ;    21.6   ;1.000/local_processing + 0.000/remote_processing
        2 ;                 47 ;     269 ;          37 ;                 79 ;    17 ;  86 ;    62.422 ;0.100/local_processing + 0.700/remote_processing
       14 ;                  3 ;     287 ;          44 ;                 78 ;    86 ;  30 ;    40.546 ;0.700/local_processing + 0.300/remote_processing
       61 ;                 86 ;     395 ;          40 ;                 87 ;    26 ;  46 ;    67.228 ;0.000/local_processing + 1.000/remote_processing
       13 ;                 37 ;     581 ;          17 ;                 18 ;     8 ;  43 ;    42.664 ;0.650/local_processing + 0.350/remote_processing
       19 ;                 60 ;     132 ;          16 ;                 72 ;    61 ;  68 ;    25.872 ;0.950/local_processing + 0.050/remote_processing
        1 ;                 37 ;     235 ;          26 ;                 44 ;    61 ;  67 ;    64.987 ;0.050/local_processing + 0.950/remote_processing
       50 ;                 22 ;     486 ;          40 ;                 90 ;    46 ;  87 ;    67.228 ;0.000/local_processing + 1.000/remote_processing
        6 ;                 32 ;     590 ;          14 ;                 82 ;     5 ;  78 ;    55.221 ;0.300/local_processing + 0.700/remote_processing
       53 ;                  2 ;      13 ;          27 ;                 76 ;     4 ;  43 ;    67.228 ;0.000/local_processing + 1.000/remote_processing
       86 ;                 35 ;     399 ;          15 ;                  5 ;     9 ;  90 ;    67.228 ;0.000/local_processing + 1.000/remote_processing
       38 ;                 74 ;     569 ;          35 ;                 28 ;    35 ;  66 ;    58.912 ;0.200/local_processing + 0.800/remote_processing
       54 ;                 97 ;     118 ;          35 ;                 70 ;    83 ;  24 ;    21.6   ;1.000/local_processing + 0.000/remote_processing
       64 ;                 14 ;      67 ;          16 ;                 84 ;    51 ;  97 ;    67.228 ;0.000/local_processing + 1.000/remote_processing
       71 ;                 33 ;     547 ;          46 ;                 90 ;    78 ;  39 ;    67.228 ;0.000/local_processing + 1.000/remote_processing
       33 ;                 23 ;      60 ;          29 ;                 30 ;    16 ;  34 ;    40.546 ;0.700/local_processing + 0.300/remote_processing
       58 ;                 88 ;     395 ;          18 ;                 30 ;    33 ;  42 ;    67.228 ;0.000/local_processing + 1.000/remote_processing
       54 ;                 51 ;     362 ;           7 ;                 70 ;     4 ;  21 ;    67.228 ;0.000/local_processing + 1.000/remote_processing
       65 ;                 99 ;     159 ;          47 ;                 41 ;    39 ;  21 ;    27.161 ;0.933/local_processing + 0.067/remote_processing
       73 ;                 79 ;     319 ;          20 ;                 38 ;    34 ;  22 ;    54.675 ;0.315/local_processing + 0.685/remote_processing
        3 ;                 63 ;     402 ;          45 ;                 87 ;    49 ;   8 ;    60.849 ;0.150/local_processing + 0.850/remote_processing
       61 ;                 90 ;     173 ;          15 ;                 60 ;    31 ;  57 ;    67.465 ;0.000/local_processing + 0.600/remote_processing
       35 ;                 92 ;     207 ;          23 ;                 11 ;    71 ;  42 ;    48.284 ;0.500/local_processing + 0.500/remote_processing
       50 ;                 12 ;     159 ;          38 ;                 60 ;    24 ;  41 ;    67.228 ;0.000/local_processing + 1.000/remote_processing
       48 ;                 91 ;     563 ;          12 ;                 97 ;    18 ;  74 ;    67.228 ;0.000/local_processing + 1.000/remote_processing
       88 ;                 51 ;     480 ;           8 ;                 56 ;    97 ;  52 ;    67.228 ;0.000/local_processing + 1.000/remote_processing
       41 ;                 30 ;     429 ;           8 ;                 92 ;    27 ;  87 ;    67.228 ;0.000/local_processing + 1.000/remote_processing
       75 ;                  6 ;     153 ;          32 ;                 30 ;    27 ;  38 ;    61.514 ;0.133/local_processing + 0.867/remote_processing
       97 ;                 36 ;     538 ;          42 ;                 61 ;    68 ;  87 ;    67.228 ;0.000/local_processing + 1.000/remote_processing
       62 ;                 54 ;     593 ;          33 ;                 42 ;    67 ;  20 ;    67.228 ;0.000/local_processing + 1.000/remote_processing
       16 ;                 47 ;     223 ;          28 ;                 85 ;    23 ;  46 ;    35.665 ;0.800/local_processing + 0.200/remote_processing
       56 ;                 80 ;     152 ;          16 ;                 57 ;    53 ;  82 ;    67.228 ;0.000/local_processing + 1.000/remote_processing
       40 ;                 81 ;     167 ;          36 ;                 73 ;    84 ;  42 ;    67.228 ;0.000/local_processing + 1.000/remote_processing
       82 ;                 43 ;     316 ;           8 ;                 13 ;    82 ;  72 ;    67.419 ;0.000/local_processing + 0.662/remote_processing
       15 ;                 59 ;     197 ;          25 ;                 62 ;    59 ;  80 ;    38.23  ;0.750/local_processing + 0.250/remote_processing
        6 ;                 34 ;     480 ;          33 ;                 79 ;    24 ;  29 ;    55.221 ;0.300/local_processing + 0.700/remote_processing
       86 ;                 96 ;     221 ;          47 ;                 52 ;    42 ;  54 ;    67.228 ;0.000/local_processing + 1.000/remote_processing
       20 ;                 79 ;     187 ;           5 ;                 45 ;    19 ;  40 ;    21.6   ;1.000/local_processing + 0.000/remote_processing
       11 ;                  1 ;      36 ;          22 ;                 82 ;    41 ;  60 ;    46.497 ;0.550/local_processing + 0.450/remote_processing
       58 ;                 54 ;     123 ;          43 ;                 46 ;    37 ;  39 ;    64.129 ;0.067/local_processing + 0.800/remote_processing
       41 ;                 82 ;      15 ;          41 ;                 12 ;     6 ;  87 ;    67.228 ;0.000/local_processing + 1.000/remote_processing
       21 ;                  5 ;     173 ;          47 ;                 15 ;    62 ;  51 ;    21.6   ;1.000/local_processing + 0.000/remote_processing
       25 ;                 13 ;     566 ;          32 ;                 90 ;    94 ;  31 ;    21.6   ;1.000/local_processing + 0.000/remote_processing
       21 ;                 59 ;     421 ;          16 ;                 47 ;    70 ;  75 ;    21.6   ;1.000/local_processing + 0.000/remote_processing
       84 ;                 80 ;     167 ;          12 ;                 53 ;    91 ;  80 ;    67.228 ;0.000/local_processing + 1.000/remote_processing
       42 ;                 62 ;     314 ;          43 ;                 66 ;    40 ;  44 ;    67.431 ;0.000/local_processing + 0.646/remote_processing
        3 ;                 79 ;     457 ;          40 ;                 32 ;    86 ;  35 ;    60.849 ;0.150/local_processing + 0.850/remote_processing
       37 ;                 97 ;     292 ;          36 ;                 27 ;    57 ;  82 ;    53.471 ;0.300/local_processing + 0.523/remote_processing
       59 ;                 81 ;     493 ;          34 ;                 72 ;    70 ;  24 ;    67.228 ;0.000/local_processing + 1.000/remote_processing
       77 ;                 57 ;     408 ;          34 ;                 11 ;    54 ;  62 ;    67.228 ;0.000/local_processing + 1.000/remote_processing
       83 ;                 77 ;     350 ;           7 ;                 81 ;    27 ;  34 ;    63.833 ;0.077/local_processing + 0.923/remote_processing
       52 ;                 49 ;      87 ;          40 ;                 28 ;     8 ;  28 ;    67.228 ;0.000/local_processing + 1.000/remote_processing
       99 ;                 87 ;     291 ;          32 ;                 60 ;    48 ;  86 ;    67.517 ;0.000/local_processing + 0.531/remote_processing
        7 ;                 47 ;     195 ;          15 ;                 75 ;    92 ;  84 ;    53.465 ;0.350/local_processing + 0.650/remote_processing
       30 ;                 99 ;     109 ;          39 ;                 49 ;    39 ;  62 ;    21.6   ;1.000/local_processing + 0.000/remote_processing
       29 ;                 66 ;     526 ;          23 ;                 59 ;    93 ;  51 ;    21.6   ;1.000/local_processing + 0.000/remote_processing
       31 ;                 55 ;     116 ;          30 ;                 73 ;    78 ;  14 ;    21.758 ;0.900/local_processing + 0.000/remote_processing
       62 ;                 47 ;     100 ;           6 ;                 16 ;    27 ;  95 ;    67.228 ;0.000/local_processing + 1.000/remote_processing
       81 ;                 19 ;      42 ;          41 ;                 72 ;    69 ;  98 ;    67.228 ;0.000/local_processing + 1.000/remote_processing
       55 ;                 82 ;     177 ;          27 ;                 67 ;    11 ;  93 ;    67.228 ;0.000/local_processing + 1.000/remote_processing
       99 ;                 37 ;     382 ;          32 ;                 67 ;    49 ;  75 ;    67.228 ;0.000/local_processing + 1.000/remote_processing
       20 ;                 94 ;      26 ;          45 ;                 24 ;    33 ;  87 ;    21.6   ;1.000/local_processing + 0.000/remote_processing
       39 ;                 25 ;     290 ;          47 ;                 63 ;    94 ;  40 ;    61.692 ;0.100/local_processing + 0.538/remote_processing
       91 ;                 70 ;     281 ;          45 ;                 58 ;    29 ;  47 ;    67.459 ;0.000/local_processing + 0.608/remote_processing
       62 ;                 87 ;     502 ;           5 ;                 13 ;    71 ;  30 ;    67.228 ;0.000/local_processing + 1.000/remote_processing
       14 ;                 35 ;      15 ;          37 ;                 98 ;    26 ;  32 ;    40.546 ;0.700/local_processing + 0.300/remote_processing
       14 ;                 37 ;     384 ;           9 ;                 46 ;    34 ;  64 ;    40.546 ;0.700/local_processing + 0.300/remote_processing
       99 ;                 42 ;      74 ;          27 ;                 88 ;    54 ;  16 ;    21.6   ;1.000/local_processing + 0.000/remote_processing
       60 ;                 65 ;     389 ;          38 ;                 98 ;    43 ;  97 ;    67.228 ;0.000/local_processing + 1.000/remote_processing
       70 ;                 17 ;     420 ;           8 ;                 11 ;    28 ;  99 ;    67.228 ;0.000/local_processing + 1.000/remote_processing
       21 ;                  1 ;     463 ;           9 ;                 98 ;    75 ;  35 ;    21.6   ;1.000/local_processing + 0.000/remote_processing
       74 ;                 30 ;     304 ;           2 ;                 29 ;    63 ;  92 ;    67.488 ;0.000/local_processing + 0.569/remote_processing
       66 ;                 80 ;      28 ;           5 ;                 43 ;     4 ;  89 ;    67.228 ;0.000/local_processing + 1.000/remote_processing
       71 ;                 37 ;     192 ;          30 ;                 81 ;    73 ;  37 ;    58.912 ;0.200/local_processing + 0.800/remote_processing
       32 ;                 54 ;     321 ;          48 ;                  4 ;    82 ;  72 ;    35.665 ;0.800/local_processing + 0.200/remote_processing
       78 ;                 24 ;      94 ;           9 ;                 88 ;    99 ;  62 ;    67.228 ;0.000/local_processing + 1.000/remote_processing
       90 ;                 91 ;      23 ;           6 ;                 90 ;    20 ;  67 ;    67.228 ;0.000/local_processing + 1.000/remote_processing
       86 ;                 62 ;     335 ;          32 ;                 66 ;     8 ;   6 ;    67.324 ;0.000/local_processing + 0.808/remote_processing
       74 ;                 36 ;     514 ;          15 ;                 55 ;    88 ;  63 ;    67.228 ;0.000/local_processing + 1.000/remote_processing
       68 ;                 80 ;     151 ;          16 ;                 77 ;    23 ;  27 ;    67.228 ;0.000/local_processing + 1.000/remote_processing
        6 ;                 22 ;     192 ;          25 ;                 74 ;    50 ;  96 ;    55.221 ;0.300/local_processing + 0.700/remote_processing
       71 ;                 14 ;     367 ;           5 ;                 24 ;     1 ;  70 ;    67.228 ;0.000/local_processing + 1.000/remote_processing
       72 ;                 61 ;     488 ;          14 ;                 51 ;    20 ;  78 ;    67.228 ;0.000/local_processing + 1.000/remote_processing
        4 ;                 18 ;     187 ;           9 ;                 14 ;    84 ;  49 ;    58.912 ;0.200/local_processing + 0.800/remote_processing
       93 ;                 29 ;     573 ;          38 ;                 47 ;     3 ;  36 ;    67.228 ;0.000/local_processing + 1.000/remote_processing
       45 ;                 78 ;     172 ;          15 ;                  2 ;    49 ;  18 ;    67.228 ;0.000/local_processing + 1.000/remote_processing
       42 ;                 10 ;     568 ;          18 ;                 57 ;    49 ;  64 ;    67.228 ;0.000/local_processing + 1.000/remote_processing
       16 ;                 40 ;     219 ;          29 ;                 48 ;    85 ;  84 ;    35.665 ;0.800/local_processing + 0.200/remote_processing
       61 ;                 83 ;     569 ;          41 ;                 47 ;    80 ;  53 ;    67.228 ;0.000/local_processing + 1.000/remote_processing
       42 ;                 60 ;     392 ;          44 ;                 36 ;    41 ;  88 ;    67.228 ;0.000/local_processing + 1.000/remote_processing
        4 ;                 91 ;     114 ;           2 ;                 31 ;    41 ;  34 ;    51.741 ;0.400/local_processing + 0.600/remote_processing
       35 ;                 11 ;      90 ;          16 ;                 44 ;    43 ;  80 ;    48.284 ;0.500/local_processing + 0.500/remote_processing
       57 ;                 69 ;     460 ;          24 ;                 19 ;    36 ;  42 ;    67.228 ;0.000/local_processing + 1.000/remote_processing
       70 ;                 65 ;     363 ;          34 ;                 23 ;    78 ;  91 ;    67.228 ;0.000/local_processing + 1.000/remote_processing
       34 ;                 62 ;     569 ;          23 ;                 11 ;    89 ;   7 ;    44.635 ;0.600/local_processing + 0.400/remote_processing
       96 ;                 61 ;     406 ;          38 ;                 10 ;    88 ;  33 ;    67.228 ;0.000/local_processing + 1.000/remote_processing
       11 ;                 98 ;     499 ;          47 ;                 43 ;    12 ;  48 ;    46.497 ;0.550/local_processing + 0.450/remote_processing
        6 ;                 50 ;     517 ;           1 ;                 58 ;    66 ;  81 ;    55.221 ;0.300/local_processing + 0.700/remote_processing
       54 ;                 52 ;     212 ;          30 ;                 27 ;    12 ;  97 ;    67.228 ;0.000/local_processing + 1.000/remote_processing
       65 ;                 34 ;     297 ;          34 ;                 24 ;    74 ;   4 ;    67.53  ;0.000/local_processing + 0.515/remote_processing
       29 ;                 62 ;     326 ;          41 ;                 83 ;    72 ;  80 ;    21.6   ;1.000/local_processing + 0.000/remote_processing
